Model,RMSE,MAE
Linear Regression,0.37177585910689953,0.2891664953378673
NN Model,0.32098511028144006,0.24732363076679784
KNN Model,0.30722558034278397,0.23372849108979588
Random Forest,0.3011472679731508,0.23334097704209958
SVM Model,0.30113725250334816,0.22886378911387495
XGBoost Model,0.3068234201441331,0.23936591599484122
