Model,RMSE,MAE
Linear Regression,0.3717037238177088,0.28914256222660234
NN Model,0.3417962079437846,0.2623114533111404
KNN Model,0.3161078929502888,0.24211175190651227
Random Forest,0.30070649661627935,0.2330341716723797
SVM Model,0.3013961168063084,0.22899514309460817
XGBoost Model,0.3066460178302581,0.23976635345133374
