Model,RMSE,MAE
Linear Regression,0.23088751323969633,0.18437999841091737
NN Model,0.2622420664793255,0.2062930056633866
