Model,RMSE,MAE
Linear Regression,0.37191921099884906,0.28930786924560215
NN Model,0.31709910586046025,0.2440465569665411
KNN Model,0.31717983775118064,0.24013674009218522
Random Forest,0.30206589793447536,0.2342167092602043
SVM Model,0.30136337225391885,0.22909321155961085
XGBoost Model,0.3043818133866032,0.23468921793457845
